Star Rating,Rating Text,Date Added,Review Title
4.8 out of 5 stars,"
  Item arrived brand new in original packaging, just like if you were to pick it up at a store. I like that these mechanical pencils are decent quality, but still not too expensive where you would be too upset if you lost it. The lead stays firmly in place and does not wiggle around. The white eraser works well and does not wear out too fast. I like that this package also comes with extra lead and erasers. Only thing, i like my lead sharp and lines precise. Writing with this looks just slightly dull, unless u rotate your pencil around alot. But i think theres smaller size lead for that available, so its just a matter of personal preference.
","Reviewed in the United States on December 6, 2019",Good
5.0 out of 5 stars,"
  The image online shows 3 long erasers, we wanted pencils that took the longer erasers, the package we received today actually has 5 little erasers. It appears the image Amazon.com shows of this package is outdated, the back of this package is also different than the one we received when compared to what is displayed online. Note both online image and package we received today have same BIC Item #'s in top left corner of (41171).
","Reviewed in the United States on June 2, 2017",Update Product Photo
2.0 out of 5 stars,"
  ¬†Please see attached photos.
","Reviewed in the United States on December 6, 2019",BIC Velocity Mechanical Pencils Surpassed Our Expectations!
5.0 out of 5 stars,"
  ¬†My teens are more than impressed by the BIC Velocity Mechanical pencils! This is my updated review after giving them some extra time to use them throughout the summer before school starts. My 15 year old very particular daughter has been using them nonstop during summer doing her Advanced Summer English assignment. She‚Äôs also been using them to study for Spanish for the upcoming year, and her drivers permit test. She uses the BIC Velocity Mechanical Pencils to make note cards for each subject to study. They have become extremely helpful in encouraging her to be on task. My 13 year old son has had occupational issues and fine motor skill issues all his life. Handwriting has been a struggle for him and much more frustration than fun. He absolutely loves these pencils and has been using them to practice his writing skills. He's been writing short stories at home about things he enjoys or fun things we‚Äôve done over the summer. He has also been using them in Occupational Therapy as well. The vibrant choice of colors excites them as well as the fine darker lead which helps make their writing more crisp and clear. This is especially helpful for my son given his challenges with handwriting. The soft grip is exceptionally helpful for my son and even my daughter, which provides a more comfortable grip. No more need to sharpen a pencil, and refilling lead and erasers is a breeze. The BIC Velocity Mechanical pencils have been a life saver for us! They have helped pull my kids away from their electronics and get their minds back into school ahead of time. My husband and I have even been using these pencils as well, and we are just as impressed as our kids. They are an amazing learning tool for a variety of age ranges! They can help engage children of all ages into writing, and aide in sparking that passion for writing as well. These would be an amazing tool in not only an educational school environment, but also those used to help children learn the skills to succeed in improving their handwriting for school. All of us as a family feel the BIC Velocity Mechanical pencils surpass the average mechanical pencil, and we highly recommend that families give them a try this year during school. Thanks to BIC our family got to try these pencils out for free! Thanks BIC!
","Reviewed in the United States on June 2, 2017",budget quality pencils
2.0 out of 5 stars,"
  These are budget quality pencils for a budget price. Writing is fine; they give me a smooth dark line. Plastic case looks cheap, but has been reliable so far. The little eraser doesn't last long and the plastic cover over the eraser is a hassle to use. Pentel's Twist-Erase mechanical pencils are much better, but for a higher price.
","Reviewed in the United States on August 2, 2016",Love these mechanical pencils!
5.0 out of 5 stars,"
  I love these mechanical pencils since they're easy to hold and just good in general! I've used these for years (they last a long time), but some of mine have broken after a while due to the metal tips no longer coming out properly, making it inconvenient. However, I still come back to these because out of the ones I've used, they're the most comfortable and just convenient to use overall (I know it's quite odd to say so since they're just mechanical pencils, but there's a difference!).
","Reviewed in the United States on March 13, 2019","Regular Pencils No More, the Bic Velocity Mechanical Pencil is a Great Way to Write and Draw."
3.0 out of 5 stars,"
  What a Amazing Mechanical Pencil from Bic! I was really amazed how well my daughter and I liked these mechanical pencils. She liked that they are darker than a pencil and that it is refillable when she breaks the lead. I like the grip of the rubber holder, it makes my hands feel good and not so tired as I write up charts and allot of them. The colors are easy to spot and find in my purse and my daughter said her backpack, that is a plus since kids lose so many regular pencils. I like that I don't have to buy her a sharpener for her pencil box and she loses allot of those too, it is nice it has a refill in the package with lead and it stores it inside the pencil so when you run out it is there for you to refill. I will say these are the best things that Bic has brought out this year, we will be using these instead of regular pencils. Trying the product for free thanks to BIC, and this is my honest opinion of this product.
","Reviewed in the United States on November 14, 2019",The perfect pencil!
5.0 out of 5 stars,"
  I am one who likes to write with a pencil. The lead is very much like using a #2 pencil. You don't have to worry about sharpening and the eraser is of good quality.  A worthwhile purchase.
","Reviewed in the United States on July 29, 2016",Great pencils!
5.0 out of 5 stars,"
  I ordered these for my 2nd grader. They are a good alternative to non mechanical pencils because she doesn't have to sharpen them all the times. I also like that they are medium point. They are dark enough to see her writing and easy to erase as well. It comes with some refills which is a plus!
","Reviewed in the United States on November 28, 2018",Less hand cramping
5.0 out of 5 stars,"
  I took an online class over a week long and since I am an avid note taker ended up with over 13 pages front and back of notes on copy paper and never did my hand cramp as it does with other mechanical pencils. Smooth writing as well.
","Reviewed in the United States on June 4, 2020",Easy grip mechanical pencil
4.8 out of 5 stars,"
  You get what you pay for with these. The quality is fine, and it works well, but the pencils are made out of cheap plastic and don't look very nice. However, these are for my 4th grader, so I don't expect them to last too long anyways (which is why I opted for cheaper ones).
","Reviewed in the United States on December 6, 2019","Cheap look, but they work well enough"
5.0 out of 5 stars,"
  Hands down the best mechanical pencils out there. Lead is thick and can withstand the writing pressure of my 13 yo autistic son and rambunctious 9 yo daughter....also meüòÇ.  Like the extra erasers. I wish there were more than 3.","Reviewed in the United States on June 2, 2017",Fantastic!!
2.0 out of 5 stars," I will purchase again when needed.
","Reviewed in the United States on October 27, 2019",Great pencils for people with a gentle touch
3.0 out of 5 stars,"
  These are my GO TO pencils these days! I absolutely love them. I do not recommend them for husbands or children though. They tend to be too rough with them, pushing too hard when writing and breaking the tips easily. Also pushing too hard on the erasers when erasing will cause the pencil tip to come out too far leading to breaking. BUT I love, love, love these for myself. You always have a sharp tip. No need for sharpening. And when you need to erase you simply slant the pencil so as not to apply too much pressure as explained above.
","Reviewed in the United States on September 16, 2019",These are my favorite pencils. They write thick and dark and have ...
5.0 out of 5 stars,"
  These are my favorite pencils. They write thick and dark and have a great grip. I feel BIC should work on  the body of the pencil because over a period of time the pencil's body develops cracks.","Reviewed in the United States on November 19, 2015",Kid approved
5.0 out of 5 stars,"But having said that when I lose my pencil I always end up buying these.
","Reviewed in the United States on February 13, 2017",Great for Kids
4.0 out of 5 stars,"
  My 10 year old loves mechanical pencils. Our stash at home was running low And so I got these and put them in his Easter basket. I would buy them again and probably will at the rate he uses them.
","Reviewed in the United States on May 12, 2020",Excelente producto escribe muy bien!
5.0 out of 5 stars,"
  These are a great first mechanical pencil for kids. They really do pass the fall test. My kids have dropped theirs a number of times and neither the pencil nor the graphite has broken.
","Reviewed in the United States on May 4, 2020",Thumb's up
5.0 out of 5 stars,"
  Excelente producto justo lo que estaba buscando.","Reviewed in the United States on May 29, 2020",Favorite pencils
5.0 out of 5 stars,"Bellos colores, buena calidad de las minas, f√°cil de sostener, te proporciona mucha fluidez al escribir, escribe excelente!
","Reviewed in the United States on July 30, 2020",Good mechanical pencil
4.8 out of 5 stars,"
  I bought these for my kids.  They couldnt have better for them in school unless they had tracking devices in them.  They got lost before we needed more lead.  Kidsü§¶‚Äç‚ôÄÔ∏è
","Reviewed in the United States on December 6, 2019",Bought for kids.
5.0 out of 5 stars,"
  I buy these for my older children.  This is their favorite type of mechanical pencil for school.  They like the wider grip and the lead thickness.  Plus, they come in fun colors, too.
","Reviewed in the United States on June 2, 2017",Favorite pencils
2.0 out of 5 stars,"
  I loved these pencils! I got these for my 12 year old daughter since there‚Äôs quarantine everything is left in school in her locker.They are pencils I never had before and having these will save ur life.its easy to write with and for a 6th Fraser like my daughter it would be perfect at this time and for all time.U can get ur work done in minutes with these velocity pencils.MUST BUY!!!!!!!! They‚Äôre awesome.price is amazing
","Reviewed in the United States on December 22, 2019",Must buy!!!!!
4.0 out of 5 stars,"
  Bought these for grandkids and they love them.  They like that they can replace the lead and erasers instead of throwing the pencil away.
","Reviewed in the United States on September 25, 2019",Very nice pencils
5.0 out of 5 stars,"
  As expected. Received the same pencil set I would have received if I bought it in the store.
","Reviewed in the United States on April 25, 2020",Good quality for the money
5.0 out of 5 stars,"
  I actually only bought this to complete minimum $25 order so I wouldn't have to pay shipping. Who knows one day I might use them
","Reviewed in the United States on March 9, 2020",Good for completing a $25 minimum order
5.0 out of 5 stars,"
  Came just when I needed them for back to school. I also love that they came with extra lead and erasers. It really helped when I needed it.
","Reviewed in the United States on July 27, 2020","Works well, get this if you're in a crunch!"
5.0 out of 5 stars,"
  S√∫per ‚ù§Ô∏è Me gustaron mucho, son lindos, escriben bien y tienen repuestos de minas y borradores.","Reviewed in the United States on February 11, 2020",Excelente
5.0 out of 5 stars,"Muchas gracias
","Reviewed in the United States on October 31, 2019",Good product
5.0 out of 5 stars,"
  Very comfortable. Works like other mechanical pencils. Nice colors.
","Reviewed in the United States on January 8, 2020",My wife is very happy with these. Enough said.
4.8 out of 5 stars,"
  Cute and easy to use. My son loves them, they are bright and fun looking.
","Reviewed in the United States on December 6, 2019",Cute & durable
5.0 out of 5 stars,"
  Great product easy-to-hold works beautifully every time
","Reviewed in the United States on June 2, 2017",Good investment value plus convenience
2.0 out of 5 stars,"
  My favorite mechanical pencils...by far.","Reviewed in the United States on April 14, 2020",Great Value‚ÄîComfy to Hold
5.0 out of 5 stars,"Great colors and comfy in the hand. The price is right. I recommend.
","Reviewed in the United States on July 30, 2020",Great pencils for all ages of students!
5.0 out of 5 stars,"
  My nephew absolutely lives mechanical pencils but never really raved about any in particular. But this one he couldn't get enough of. He lover the way they write and are easy to hold. I would definitely recommend them for any student!
","Reviewed in the United States on October 27, 2019",Good buy
5.0 out of 5 stars,"
  Bought these for work. Best pencils ever! Extra leads and erasers made them last.
","Reviewed in the United States on September 17, 2016",Great Pencils
5.0 out of 5 stars,"
  I bought these for my son in college.  He loves these pencils
","Reviewed in the United States on March 3, 2020",Good for ‚Äúhard writers‚Äù that push down when they write
5.0 out of 5 stars,"
  Very impressed! I‚Äôm always skeptical with mechanical pencils because I write very hard and they usually break very easily. These are pretty sturdy and I like that I can press down hard and they won‚Äôt snap right in half. And if they do break- they come with extra lead and extra erasers which is a plus.
","Reviewed in the United States on May 8, 2020",Love these pencils!
5.0 out of 5 stars,"
  Keep them in every room.  Good solid writing and a comfy grip.  At a good price!
","Reviewed in the United States on April 21, 2020",Strong mechanical pencil
5.0 out of 5 stars,"
  These hold up well and have a nice a feel.
","Reviewed in the United States on December 5, 2019",Perfect
4.8 out of 5 stars,"
  I wanted some nice, basic lead pencils. These are just what I wanted at a very reasonable price and work well.
","Reviewed in the United States on December 6, 2019",Just what I was looking for
5.0 out of 5 stars,"
  Daughter likes these.
","Reviewed in the United States on June 2, 2017",Works great
2.0 out of 5 stars,"
  Love them; gave the granddaughter one.  Leads last and don't break (0.7 mm), easy to hold, cheerfully colored.  Extra leads and erasers included.  I use them all the time.  Very pleased.
","Reviewed in the United States on April 30, 2020","Reliable, no-fuss, very handy pencils!"
5.0 out of 5 stars,"
  Good pencils for the price, but the eraser isn‚Äôt great.
","Reviewed in the United States on June 24, 2020",Good pencil
5.0 out of 5 stars,"
  Beautiful colors! My kids love BIC mechanical pencils! We will buy again!
","Reviewed in the United States on June 23, 2018","Great price, great quality!"
5.0 out of 5 stars,"
  Back to school shopping, leas pencils were comfortable to use and my son loves them..
","Reviewed in the United States on January 16, 2020",Comfortable
4.0 out of 5 stars,"
  These pencils are my new favorites! My hand always gets sore when writing, but these are so comfy! There is great support and they write so nicely. I totally recommend.
","Reviewed in the United States on November 20, 2019",New favorite pencils!
5.0 out of 5 stars,"
  Good gift for kids for school!
","Reviewed in the United States on September 1, 2019",Work great!!
5.0 out of 5 stars,"
  Great grip. If you‚Äôre looking for a nice darker LED this works well. If you doodle with it, it smudges but it‚Äôs perfect for writing.
","Reviewed in the United States on January 9, 2020",Dark led pencil
5.0 out of 5 stars,"
  These work great they are one of my favorites.
","Reviewed in the United States on April 25, 2020",Favorite mechanical pencils
4.8 out of 5 stars,"
  Best inexpensive pencils. Comfortable grip.
","Reviewed in the United States on December 6, 2019",Great
5.0 out of 5 stars,"
  I like the velocity series they are so hard to find anymore!!
","Reviewed in the United States on June 2, 2017",Love the velocity
2.0 out of 5 stars,"
  Awesome--comfortable grip, works well, attractive design and fun colors that none-the-less don't look like anyone using them should also be using Lisa Frank stationary.  The eraser works well--you'll lose the little plastic cap in about five seconds but as it's not necessary, who cares?  The replacements are great.
","Reviewed in the United States on June 4, 2020",attractive design and fun colors that none-the-less don't look like anyone using them ...
5.0 out of 5 stars,"
  Very good
","Reviewed in the United States on October 23, 2019",Nice
5.0 out of 5 stars,"
  These pencils squeak when you write with them
","Reviewed in the United States on February 15, 2016",Squeaky pencils
5.0 out of 5 stars,"
  Love to use
","Reviewed in the United States on June 10, 2020",Great
5.0 out of 5 stars,"
  My kids love the design and the size of these pencils.
","Reviewed in the United States on April 12, 2020",Kids love it
1.0 out of 5 stars,"
  I like to use mechanical pencils and these are great.  Very sturdy, easily refilled and comfortable to use.
","Reviewed in the United States on March 21, 2020",Great buy
5.0 out of 5 stars,"
  Good pencils for a low price. The erasers work well and each pencil comes with a plastic cover for the eraser... to keep it clean, I presume.These make me dread doing schoolwork a little less, and they're great for drawing.
","Reviewed in the United States on September 9, 2019",Nice!
5.0 out of 5 stars,"
  Amazing
","Reviewed in the United States on November 22, 2017",Excellent
4.8 out of 5 stars,"
  pretty easy to use, nice hold and flow. Recommended.
","Reviewed in the United States on December 6, 2019","Nice pencil to own, good for school and everyday use"
5.0 out of 5 stars,"
  I loved the product but the package came destroyed with 3 out of the 4 pencils broken.
","Reviewed in the United States on June 2, 2017",Package broken but love the product
2.0 out of 5 stars,"
  Good pencils
","Reviewed in the United States on November 30, 2019",Good pencils
4.0 out of 5 stars,"
  No complaints. Good product
","Reviewed in the United States on February 28, 2020",Quality purchase
4.0 out of 5 stars,"
  Love them","Reviewed in the United States on December 12, 2019",Great quality
5.0 out of 5 stars,"Perfect
","Reviewed in the United States on November 27, 2019",üôÇ I order them here because they‚Äôre super low prices compared to stores
5.0 out of 5 stars,"
  My son loves these. They‚Äôre high quality, not some knock off pencils. üôÇ I order them here because they‚Äôre super low prices compared to stores.
","Reviewed in the United States on April 19, 2020",Good quality
5.0 out of 5 stars,"
  I bought these for my 9 year old. She loves them and uses them for her homework.
","Reviewed in the United States on May 24, 2018",Very smooth
5.0 out of 5 stars,"
  These mechanical pencils are great.  Smooth writing and don't break easily.  My high schoolers love them.
","Reviewed in the United States on November 20, 2019",Good Budget Pencils
5.0 out of 5 stars,"
  Good, but not great pencils. Included lead is a little weak. Would recommend for use less than one year.
","Reviewed in the United States on September 24, 2018",good
4.8 out of 5 stars,"
  it either works, in which case, 5 stars, or doesn't.","Reviewed in the United States on December 6, 2019",It's a mechanical pencil
5.0 out of 5 stars,"Well, they work.","Reviewed in the United States on June 2, 2017",Good
2.0 out of 5 stars,"So, 5 stars
","Reviewed in the United States on October 28, 2018",works fine
5.0 out of 5 stars,"
  Good product
","Reviewed in the United States on November 11, 2019","Yup, they're pencils."
4.0 out of 5 stars,"
  Fine lead
","Reviewed in the United States on October 10, 2019",My son loves these.
5.0 out of 5 stars,"
  Decent pencils at a better price than from a physical store.
","Reviewed in the United States on January 31, 2018",the lead
5.0 out of 5 stars,"
  my son uses these for school  and loves them.
","Reviewed in the United States on April 6, 2019",Great to use
5.0 out of 5 stars,"
  it's not good, the handwriting with this pencil is awful! and the grip of this piece is not good.
","Reviewed in the United States on January 26, 2020",Pencils
1.0 out of 5 stars,"
  Great price and work as intended.  I use my for school and d&d
","Reviewed in the United States on January 29, 2020",Nice
5.0 out of 5 stars,"
  They work like they should.
","Reviewed in the United States on November 12, 2019","Bic mechanical pencils are my favorite, and these come with some replacement erasers!"
4.8 out of 5 stars,"
  Smooth, Dark Lead and Quality Erasers
","Reviewed in the United States on December 6, 2019",Good Price and a Quality Product
5.0 out of 5 stars,"
  My daughters love these pencils! They enjoy having the grip attached.
","Reviewed in the United States on June 2, 2017",Daughters favorite
2.0 out of 5 stars,"
  Great pencils. I've used other mechanical pencils and none of them have come close to how good these are.
","Reviewed in the United States on September 10, 2019",Will buy again
5.0 out of 5 stars,"
  My kids request these mechanical pencils every year.  They like the grips. I never have a problem finding BIC replacement lead and erasers.
","Reviewed in the United States on October 26, 2018",Love the easy to hold grips
5.0 out of 5 stars,"
  They are not great. I should have spent a bit more for the premium models
","Reviewed in the United States on October 1, 2018",You get what you paid for
5.0 out of 5 stars,"
  Good
","Reviewed in the United States on December 8, 2018",Good
5.0 out of 5 stars,"
  Work great but the eraser tips don‚Äôt seem to work as well as others I‚Äôve had.
","Reviewed in the United States on September 10, 2018",These do the job
3.0 out of 5 stars,"
  Makes homework a breeze. Erases easily and I can read my 10 yo‚Äôs handwriting easily! A miracle!
","Reviewed in the United States on July 27, 2019",Buy these for super smooth homework time.
5.0 out of 5 stars,"
  For some reason these are my son's favorite mechanical pencils. They are a must have for him. I think he likes the thickness of them; easy to hold? Who knows. He insists in these and I buy them at Amazon because I can't find them elsewhere!
","Reviewed in the United States on August 16, 2018",My son's favotite pencils
4.0 out of 5 stars,"
  nice package with extra lead :)
","Reviewed in the United States on December 21, 2018",Nice pack for the price :)
4.8 out of 5 stars,"
  Na
","Reviewed in the United States on December 6, 2019",Na
5.0 out of 5 stars,"
  Love these. I use them for college.
","Reviewed in the United States on June 2, 2017",The perfect pencil
2.0 out of 5 stars,"
  High comfort good quality n value
","Reviewed in the United States on January 12, 2020",Comfortable
5.0 out of 5 stars,"
  I LIKE THE SHAPE THE COLORS AND IT WAS EASY TO HOLD AND THE LEAD DID NOT BREAK AS EASILY AS OTHER  & THE PRICE WAS RIGHT
","Reviewed in the United States on February 5, 2019",IT'S A GOOD PRODUCT!!!
5.0 out of 5 stars,"
  I really like these better than others i have used. Very comfortable in the hand.
","Reviewed in the United States on June 21, 2019",Very nice
5.0 out of 5 stars,"
  They are typical pencils. Lol. Work fine.
","Reviewed in the United States on June 4, 2020",Good quality
4.0 out of 5 stars,"
  I bought these for work and use them every day.  I have not had any issues with them dispensing lead or with loose eraser ends like I had with cheaper mechanical pencils. The finger pad is a bit hard but still comfortable.
","Reviewed in the United States on March 10, 2018",I have not had any issues with them dispensing lead or with loose eraser ends like I had with cheaper mechanical pencils
5.0 out of 5 stars,"
  Very good pencils. The only problem I have with them though is that the color choices are very girly. The old Velocity pencils were much more gender neutral. That is not enough to warrant a star being taken off though. Great mechanical pencils that last.
","Reviewed in the United States on September 12, 2018",Great mechanical pencils that last.
5.0 out of 5 stars,"
  He loves them!!!
","Reviewed in the United States on May 5, 2015",Gift for my brother
5.0 out of 5 stars,"
  Comfy
","Reviewed in the United States on October 11, 2014",Good
4.8 out of 5 stars,"
  My kid will only use these
","Reviewed in the United States on December 6, 2019","fast shipment,great price"
5.0 out of 5 stars,"
  Very well designed mechanical pencil with retractable metal tip
","Reviewed in the United States on June 2, 2017",Five Stars
2.0 out of 5 stars,"
  These came as expected. My son loves these for school.
","Reviewed in the United States on October 17, 2018",Five Stars
5.0 out of 5 stars,"
  love that these come with extra led and erasers!
","Reviewed in the United States on September 3, 2018",Five Stars
5.0 out of 5 stars,"
  thanks
","Reviewed in the United States on September 4, 2018",Perfect
5.0 out of 5 stars,"
  Work great and cute colors
","Reviewed in the United States on June 8, 2018",Mechanical Pencils
5.0 out of 5 stars,"
  Daughter loves these for school
","Reviewed in the United States on February 10, 2020",As described
5.0 out of 5 stars,"
  These mechanical pencils are the best.
","Reviewed in the United States on May 24, 2020",Five Stars
5.0 out of 5 stars,"
  Perfect, and great price!
","Reviewed in the United States on September 23, 2018","Just as expected, great price!"
4.0 out of 5 stars,"
  Very comfortable to use. Been using these for the last 3 years in undergrad school and plan to continue using them well into grad school.
","Reviewed in the United States on June 24, 2018",Love these pencils!
4.8 out of 5 stars,"
  I like the comfort of writing with this pencil.
","Reviewed in the United States on December 6, 2019",Really like these mechanical pencils
5.0 out of 5 stars,"
  As described.
","Reviewed in the United States on June 2, 2017",Good buy!
2.0 out of 5 stars,"
  Great vivid colors.  One of my daughter's  favorite pencils
","Reviewed in the United States on October 29, 2018",Five Stars
5.0 out of 5 stars,"
  It‚Äôs just pencil.
","Reviewed in the United States on September 20, 2018",Good
5.0 out of 5 stars,"
  i like these so much
","Reviewed in the United States on March 5, 2018",i recommend
5.0 out of 5 stars,"
  Okay quality, the leads break easily.
","Reviewed in the United States on November 17, 2019",Okay for the price
5.0 out of 5 stars,"
  I love these pencils they help me write better. They also help my 12 year old write better as well.
","Reviewed in the United States on April 9, 2020",Handwriting help
5.0 out of 5 stars,"
  Good quality product in pretty colors.  I'm pleased.
","Reviewed in the United States on March 31, 2018",Quality and Color
3.0 out of 5 stars,"
  very smooth!!! lead is strong!!! last a long time!
","Reviewed in the United States on December 28, 2019",Five Stars
5.0 out of 5 stars,"
  Great little lead pencils at a great price. they work great and feel great even when writing alot. i use them everyday and love them
","Reviewed in the United States on January 2, 2018",great lead pencil at a great price
4.8 out of 5 stars,"
  Comfortable to write with
","Reviewed in the United States on December 6, 2019",Comfortable
5.0 out of 5 stars,"
  Very comfortable and works well. Perfect for sketching and shading.
","Reviewed in the United States on June 2, 2017",Good for drawing and writing.
2.0 out of 5 stars,"
  Vast improvement over cheaper competition.
","Reviewed in the United States on November 30, 2019",Five Stars
5.0 out of 5 stars,"
  So far so good!
","Reviewed in the United States on January 19, 2020",Five Stars
5.0 out of 5 stars,"
  I like these pencils, they write well and feel good in my hand! The only problem that drives me crazy is using the eraser makes tons of lead come out but that is to be expected. Colors are bright and fun!
","Reviewed in the United States on February 10, 2018",Nice pencils!
5.0 out of 5 stars,"
  works great
","Reviewed in the United States on July 3, 2018",Five Stars
5.0 out of 5 stars,"
  Great deal as a add-on item.
","Reviewed in the United States on August 5, 2017",Five Stars
4.0 out of 5 stars,"
  Love these pencils!
","Reviewed in the United States on June 6, 2018",Five Stars
5.0 out of 5 stars,"
  Best mechanical pencil ever.
","Reviewed in the United States on July 21, 2018",Five Stars
5.0 out of 5 stars,"
  Exactly as described.
","Reviewed in the United States on May 14, 2018",Five Stars
4.8 out of 5 stars,"
  I LOVE the refillable erasers and led! Super nice quality and feel to them.
","Reviewed in the United States on December 6, 2019","Refillable erasers, led, and cheap price? Perfect mechanical pencils!"
5.0 out of 5 stars,"
  good price
","Reviewed in the United States on June 2, 2017",Five Stars
2.0 out of 5 stars,"
  I like the hand grip. But I could go to target and get a 20 pack for this price.
","Reviewed in the United States on November 8, 2019",Nice hand grip.
5.0 out of 5 stars,"
  Good mechanical pencil for the price!
","Reviewed in the United States on March 29, 2018",Pretty good
5.0 out of 5 stars,"
  love bic
","Reviewed in the United States on May 8, 2020",Five Stars
4.0 out of 5 stars,"
  I've never really had a need for mechanical pencils until going back to college, but wow these are amazing. They have the barrel feel of a pen with really good pigmentation payout for the lead. I've also found the lead doesn't really flake while using it and the erasers are pretty good at taking care of business without the extra bits that annoy me.","Reviewed in the United States on October 14, 2017",Great Pencils!
4.0 out of 5 stars,"The lead is smooth writing with a pen like tip from these guys. No breakage from what I can tell and I really like the colors. The only thing I wish they had was a clear barrel to see how much lead is left. The included extra erasers and lead are a bonus! For the price on Amazon, they have the big box stores beat and I love that Prime literally gets me all the stuff I need tomorrow.
","Reviewed in the United States on March 22, 2018",Great
5.0 out of 5 stars,"
  Great!
","Reviewed in the United States on March 8, 2016",Best pencil for note taking
5.0 out of 5 stars,"
  These are the best pencils for taking notes in class!
","Reviewed in the United States on January 1, 2020",I love school supplies but am pretty particular
5.0 out of 5 stars,"
  As a teacher, I love school supplies but am pretty particular. These are my absolute favorite led pencils for writing in my planner. Smooth writing and sharp.
","Reviewed in the United States on August 29, 2019",Great pencils!
4.8 out of 5 stars,"
  Yay pencils
","Reviewed in the United States on December 6, 2019",Five Stars
5.0 out of 5 stars,"
  The best mechanical pencil!!
","Reviewed in the United States on June 2, 2017",Best Pencil
2.0 out of 5 stars,"
  It is an awesone pencil
","Reviewed in the United States on January 13, 2018",The pencil
5.0 out of 5 stars,"
  work great
","Reviewed in the United States on January 5, 2020",Five Stars
5.0 out of 5 stars,"
  It is one of the best things in the world
","Reviewed in the United States on January 26, 2020",Can I get some for free
3.0 out of 5 stars,"
  Love these pencils. Just wish the kids would quit stealing them from me to use at school.
","Reviewed in the United States on December 12, 2017",Love these!
5.0 out of 5 stars,"
  This version is great. So far I have not encountered any problems with lead breaking. Will continue to buy this version.
","Reviewed in the United States on February 12, 2020",Great pencil
5.0 out of 5 stars,"
  The quality is very good and the price is very cheap
","Reviewed in the United States on February 5, 2019",Good
5.0 out of 5 stars,"
  Hope have more style!
","Reviewed in the United States on July 17, 2018",So so
5.0 out of 5 stars,"
  I love how smoothly they write!! Highly recommend!
","Reviewed in the United States on November 4, 2019",My favorite mechanical pencils ever
4.8 out of 5 stars,"
  Nice writing
","Reviewed in the United States on December 6, 2019",Nice writing
5.0 out of 5 stars,"
  Hermoso ‚úåÔ∏è
","Reviewed in the United States on June 2, 2017",Lindos l√°pices
2.0 out of 5 stars,"
  They do what they're supposed to. The pencil has a slightly wider body than a standard mechanical pencil, providing a comfortable grip. Eraser works beautifully with no smudging. No complaints.
","Reviewed in the United States on May 27, 2020",Nice pencil
5.0 out of 5 stars,"
  Great quality. Some pencils seem flimsy and easy to crack the case. These are strong and built with much thought.
","Reviewed in the United States on April 5, 2020",Great quality. Some pencils seem flimsy and easy to ...
5.0 out of 5 stars,"
  Nice pencils will order again.
","Reviewed in the United States on November 30, 2013",Nice
5.0 out of 5 stars,"
  These are some heavy duty pencils.  They write pretty good also.
","Reviewed in the United States on March 4, 2015",They write pretty good also
5.0 out of 5 stars,"
  Comfortable and easy to use
","Reviewed in the United States on March 18, 2016",Great pencils
4.0 out of 5 stars,"
  lead a bit light. pretty colors and I can leave them everywhere I have puzzle books
","Reviewed in the United States on March 24, 2016",great
5.0 out of 5 stars,"
  I love that these pencils come with refills!
","Reviewed in the United States on December 13, 2019",Refills
5.0 out of 5 stars,"
  great pencils for kids
","Reviewed in the United States on August 14, 2015",great
4.8 out of 5 stars,"
  Just what my granddaughter wanted. Perfect.
","Reviewed in the United States on December 6, 2019",Perfect.
5.0 out of 5 stars,"
  My daughter liked the pencils
","Reviewed in the United States on June 2, 2017",Good pencils
2.0 out of 5 stars,"
  Great pencils!
","Reviewed in the United States on May 27, 2017",Best mechanical pencils
5.0 out of 5 stars,"
  great
","Reviewed in the United States on December 25, 2019",Five Stars
4.0 out of 5 stars,"
  Received as stated
","Reviewed in the United States on December 26, 2016",Five Stars
5.0 out of 5 stars,"
  They feel great to hold and write great!
","Reviewed in the United States on January 30, 2017",Great pencils
5.0 out of 5 stars,"
  good quality for the price
","Reviewed in the United States on October 29, 2016",good quality
5.0 out of 5 stars,"
  Good product for the low price.
","Reviewed in the United States on October 5, 2017",Five Stars
5.0 out of 5 stars,"
  Great grips!
","Reviewed in the United States on January 17, 2020",Five Stars
5.0 out of 5 stars,"
  They write smoothly and I like the interchangeable erasers.
","Reviewed in the United States on June 10, 2016",Four Stars
4.8 out of 5 stars,"
  Love these pencils! Easy to hold and writes smoothly without dragging on the paper. I use them for sketching and the eraser is awesome when needed. I of course love the fun colors :)
","Reviewed in the United States on December 6, 2019",Awesome pencils!
5.0 out of 5 stars,"
  Love these pencils! Thanks!
","Reviewed in the United States on June 2, 2017",Five Stars
2.0 out of 5 stars,"
  I love them! I like to collect mechanical pencils and these are my prized possessions! My mum got them for me.
","Reviewed in the United States on November 27, 2015",I love them! I like to collect mechanical pencils and ...
5.0 out of 5 stars,"
  I liked everything about these pencils
","Reviewed in the United States on June 30, 2017",Love it
5.0 out of 5 stars,"
  package was opened no refills or erasers in the pack. was shipped this way.
","Reviewed in the United States on October 26, 2015",Three Stars
5.0 out of 5 stars,"
  hard to go wrong with a Bic
","Reviewed in the United States on January 17, 2020",Hard to go wrong with a BIC
5.0 out of 5 stars,"
  Great product!
","Reviewed in the United States on September 23, 2015",Five Stars
3.0 out of 5 stars,"
  Love my pencils
","Reviewed in the United States on December 28, 2015",Four Stars
5.0 out of 5 stars,"
  Loved them!
","Reviewed in the United States on February 18, 2016",The best
5.0 out of 5 stars,"
  They write well and have very good erasers.
","Reviewed in the United States on April 2, 2018","Work well, Just what I needed for my office."
4.8 out of 5 stars,"
  Good quality and price
","Reviewed in the United States on December 6, 2019",Five Stars
5.0 out of 5 stars,"
  School work
","Reviewed in the United States on June 2, 2017",To comfort my hands
2.0 out of 5 stars,"
  Good pencils in neat colors
","Reviewed in the United States on August 7, 2015",Good pencils
5.0 out of 5 stars,"
  Great deal!!!!
","Reviewed in the United States on January 11, 2020",Five Stars
5.0 out of 5 stars,"
  well made pencils
","Reviewed in the United States on May 29, 2015",Five Stars
5.0 out of 5 stars,"
  Good!
","Reviewed in the United States on September 3, 2015",Five Stars
5.0 out of 5 stars,"
  Great Pencils! Loving it
","Reviewed in the United States on March 11, 2015",Five Stars
5.0 out of 5 stars,"
  These are my daughters favorite pencils now.
","Reviewed in the United States on August 18, 2015",Five Stars
5.0 out of 5 stars,"
  I LOVE these pencils.
","Reviewed in the United States on November 29, 2017",Five Stars
5.0 out of 5 stars,"
  All
","Reviewed in the United States on June 23, 2015",Quality
4.8 out of 5 stars,"
  Very good product!
","Reviewed in the United States on December 6, 2019",Four Stars
5.0 out of 5 stars,"
  Discovered these a few years ago. I go through a couple of sets of these each year.  Great grip. Reliable.
","Reviewed in the United States on June 2, 2017",Best mechanical pencils for the price
2.0 out of 5 stars,"
  They are great pencils high quality üëç
","Reviewed in the United States on August 9, 2017",Great pencils
4.0 out of 5 stars,"
  loved it
","Reviewed in the United States on May 24, 2013",Five Stars
5.0 out of 5 stars,"
  Worked perfect!
","Reviewed in the United States on January 27, 2018",Five Stars
5.0 out of 5 stars,"
  These pencils are amazing, especially because they come with extra erasers and lead so they last for a long time.
","Reviewed in the United States on July 29, 2014",My favorite pencil
5.0 out of 5 stars,"
  Nice pencils, however I press heavily when writing and the lead breaks easily. I should have purchased 0.9mm instead of  0.7mm.
","Reviewed in the United States on June 28, 2016","Nice pencils, however I press heavily when writing and ..."
5.0 out of 5 stars,"
  Arrived in great condition.
","Reviewed in the United States on June 7, 2013",Five Stars
5.0 out of 5 stars,"
  Great service, great price.
","Reviewed in the United States on February 1, 2016",Five Stars
4.0 out of 5 stars,"
  What was needed.
","Reviewed in the United States on October 30, 2014",Five Stars
4.8 out of 5 stars,"
  Great set of pencils !
","Reviewed in the United States on December 6, 2019",Five Stars
5.0 out of 5 stars,"
  Accurate and as described
","Reviewed in the United States on June 2, 2017",Good buy
2.0 out of 5 stars,"
  These are very smooth writing pencils loved by all my children. They are my youngest child's favorite pencils of all time.
","Reviewed in the United States on November 19, 2014",love
5.0 out of 5 stars,"
  good
","Reviewed in the United States on May 23, 2016",Five Stars
5.0 out of 5 stars,"
  Excellent
","Reviewed in the United States on July 14, 2013",Five Stars
5.0 out of 5 stars,"
  just what we asked for...working perfectly
","Reviewed in the United States on July 6, 2015",Five Stars
5.0 out of 5 stars,"
  They break easily, so I would buy the thicker ones next time.
","Reviewed in the United States on February 7, 2016",Five Stars
5.0 out of 5 stars,"
  Good quality. COmes with a good amount of extra lead too.
","Reviewed in the United States on February 3, 2015",Four Stars
5.0 out of 5 stars,"
  work great!
","Reviewed in the United States on May 10, 2015",Five Stars
5.0 out of 5 stars,"
  These are horrible, the break all the time, the lead does not erase, really cheap
","Reviewed in the United States on December 27, 2015","Cheap product, don't waste your money"
4.8 out of 5 stars,"
  Office deep has the same thing..Amazon still cool tho
","Reviewed in the United States on December 6, 2019",Amazon still cool
5.0 out of 5 stars,"
  Good
","Reviewed in the United States on June 2, 2017",Four Stars
2.0 out of 5 stars,"
  I did not try these pencils because they came with NO EXTRA LEAD! Or erasers! WE HAVE RETURNED THIS ITEM AND WILL NOT ORDER AGAIN.
","Reviewed in the United States on July 3, 2015",did not come as described.
4.0 out of 5 stars,"
  HORRIBLE pencils my daughter came to me the next two days telling me they broke i think you should stick with the regular pencils breaks to easily and the lead is horrible as well... DON'T BUY IT SAVE YOUR MONEY FOR SOMETHING BETTER!!
","Reviewed in the United States on August 21, 2014",HORRIBLE!!!!!!!
4.0 out of 5 stars,"
  We, me and my little one loves these BIC velocity mechanical pencils. These pencils are great. They are so pretty in color. They will brighten your day especially the kids at school early in the morning. They are easy to use, easy to refill lead and eraser. The best part of them is there is no sharpening required so they are always ready to use and the kids don't have to be looking for their sharpener like my little usually is. They write nice and soft, glides. My little one use them to draw. They are comfortable in the hand to hold because of the soft grip around the pencils, it's my little ones favorite thing about them. They erase clean if you write light but not if you write deep. These pencils can be used to take test too just like #2 pencils. They are a great product for a trusted brand like BIC. I and my little one had the opportunity to try this product BIC velocity mechanical pencils for free thanks to BIC.
","Reviewed in the United States on January 2, 2015",Pretty colors and easy to use
2.0 out of 5 stars,"
  I am loving these Bic Velocity Mechanical pencils because they are so cool. They write as dark as any regular #2 pencil and they are even better because you are not getting up and running to sharpen it when the led breaks or gets dull. All you need to do is CLICK. It comes with lots of extra led and erasers too WOW. Now you can't beat that anywhere. I think these are perfect for back to school and to use right at home on you favorite puzzle like Sudoku , my favorite. The pencils feel really good in my hand, like they don't feel too big and uncomfortable and they don't feel too small. They are perfect for a older person too that can't really get up and down too sharpen their pencils, just give them a pack of these. I did receive these as a free product from #bzzagent  for testing but opinions are 100% mine. #BicVelocity #Gotitfree
","Reviewed in the United States on January 14, 2013",Love these
1.0 out of 5 stars,"
  these are the best pencils i have used in my entire life! just one pencil lasts about six months for me. they're super comfortable. the led rarely breaks. these are the absolute best and they're the only pencils i will ever recommend or use for the rest of my life. the only thing that doesn't last are the erasers, but they come with refills. i would use a separate eraser though because when you run out you're not going to be able to hold the led in and what's the point of that? just keep a couple of erasers handy.","Reviewed in the United States on July 26, 2016",best pencils 10/10
4.0 out of 5 stars,"something i've noticed about these pencils is that there may be one or two in the pack that are a little faulty. when you erase something, no matter how little pressure you use, the led gets pushed out of the pencil. it can be annoying to put back in, but you'll have some decent ones that don't do this so it's okay.","Reviewed in the United States on July 26, 2016",Can‚Äôt buy eraser refills!
4.0 out of 5 stars,"also, never let anyone borrow them. they're too good to be given to others. if people are going to beg you for pencils, get the cheap bic mechanical pencils and just give them out like candy. but never give out the velocity pencils. i treat mine like my own children. i'm just really passionate about these pencils, and i've never been passionate about pencils before.
","Reviewed in the United States on July 14, 2014",A lot of good aspects to this
5.0 out of 5 stars,"
  The number one problem with this pencil- you cannot buy eraser refills! The pack of pencils comes with a few extra erasers, but once those are gone- you are out of luck, might as well throw the pencils away. I have looked for extra erasers at stores and online; nothing. Also, the eraser has to be removed to refill the lead (instead of the entire top coming off). That means if the eraser has worn all the way down, I have to go hunt down a safety pin or something (to pull the eraser out) in order to put more lead in the pencil. My kids like the grip on the pencils- that is the only positive. If I could buy eraser refills, I would put up with the refilling the lead problem... as it is, I will not buy these pencils again.
","Reviewed in the United States on August 5, 2019",Very Nice Way to Write
4.8 out of 5 stars,"
  Thanks to BIC, I got to try this product for free. I absolutely love these new mechanical pencils. They feel and look like pens. They have a nice rubber grip and write smoothly. I love the colors. I also love that they come with extra lead and extra erasers. I have never seen mechanical pencils with extra erasers. They even have a cap that covers the erasers. My kids love them and use them drawing. I love using them for everyday needs. Definitely recommend these. Definitely a back to school necessity.
","Reviewed in the United States on December 6, 2019",Best mechanical pencils ever!!!
5.0 out of 5 stars,"
  I got these pencils free as a Bzzagent.  The package came with 5 different colors of pencils and a refill lead and eraser pack.  Having the multiple colors was great since I have boys and girls.  The pencils were very nice looking, good quality and nice feel.  They write nice and dark but not too dark, much like a standard #2 pencil.  The only thing we didn't like was the eraser.  It just didn't seem to work well for us at all.  I would still buy these pencils though and just use a different eraser.
","Reviewed in the United States on June 2, 2017",Great pencils
2.0 out of 5 stars,"
  I love these pencils! I gave some to my kids, my husband and I kept some for myself. The kids LOVE the bright colors! My husband writes all day and said he never has trouble with the lead breaking and it lasts. I love the price and how comfortable they are to hold. I would recommend these to everyone! I got to try this product for free, thanks to BIC, to leave an honest review.
","Reviewed in the United States on July 25, 2016",The greatest
5.0 out of 5 stars,"
  ALthough I received these pencils to try out free from @BzzAgent, I totally love them! I usually don't like writing with a pencil but things are different when I use these. The writing is smooth, crisp, and the pencil is easy and comfortable to handle. I also love the fact that if you need to erase, no signs of marks are left behind. I love these pencils!
","Reviewed in the United States on July 28, 2016",They Rock
4.0 out of 5 stars,"
  I received two packages of these pencils in the mail from Bic as part of being a BzzAgent. The moment that I opened the box, both of my kids loudly and emphatically claimed the packages as their own. You can definitely count on the fun colors and extra lead/erasers {included!!} to bring back handwriting for the kids. We are a family that still reads real hardback books, we significantly limit screen time in favor of board games and drawing, and we even enjoy doing homework together. So yes, you could say that we're a bit 'strange' when it comes to enjoying new pens and pencils. But since we do, we'll be purchasing loads of these for school!
","Reviewed in the United States on September 18, 2016",Bring the fun back to handwriting for the kids!
5.0 out of 5 stars,"
  I received the Bic Velocity Mechanical Pencil for being a BzzAgent.  I got them for free and I must say that they write very well.  They are very smooth writing and the lead doesn't snap like most other mechanical pencils.  I'm a very hard writer and every time I write I seem to break the lead so I was very pleased with these pencils.  My son likes them as well and will be using them once school starts.
","Reviewed in the United States on July 28, 2016",They are very smooth writing and the lead doesn't snap like most other mechanical pencils
5.0 out of 5 stars,"
  So the kids and I got these Awesome pencils!!! I received these as a promotional offer.  So far they have drawn like 4 comics. There opinion is.. It doesn't smudge.I don't like lead pencils but these are AWESOME. Its almost like using a regular pencil. I love the colors too. It makes it easy to sort between all four of my kids!! Each kid gets a color and there is no confusion. They really do write darker. I have plans of buying more of these. My kids actually like using them! Plus no hassle og a pencil sharpener!! ‚Ä™#‚ÄéBICVelocity‚Ä¨ ‚Ä™#‚ÄéGotItFree‚Ä¨
","Reviewed in the United States on July 25, 2016",So the kids and I got these Awesome pencils!
5.0 out of 5 stars,"
  Very good pencils for the price! I received these free from bzzagent and I love them! They come in a variety of cool colors! I also like how they store the lead and extra erasers in one convenient case! The grips are also very comfortable which is important for me because I write kind of hard! I definitely recommend them!
","Reviewed in the United States on July 25, 2016",nice pencils
5.0 out of 5 stars,"
  I got these BIC¬Æ Velocity¬Æ Mechanical Pencils free for being a BzzAgent and as soon as this bzz package arrived, honestly I haven't seen my kids so excited about pencils. Thank goodness I got 2 packages in the kit for my 2 kids. They both already added the pencils their back-to-school supplies. My daughter loves how they write and the colors of the pencils themselves.
","Reviewed in the United States on July 28, 2016",great pencils great price
5.0 out of 5 stars,"
  I received these free to review and I have to say not only do my kids love them, but they're my new favorite pencils as well. They write super smooth and erase wonderfly!
","Reviewed in the United States on July 25, 2016",Great pencils
4.8 out of 5 stars,"
  Awesome pencils that come with eraser and lead refills. They are comfortable mechanical pencils that write smooth and are great for standardized test and great for back to school . I definitely have them on my back to school list. # bic velocity # got it free
","Reviewed in the United States on December 6, 2019",The best mechanical pencil ever
5.0 out of 5 stars,"
  I use mechanical pencils all the time and this is the best of the best no mater what the price is.
","Reviewed in the United States on June 2, 2017",Bic rules
2.0 out of 5 stars,"
  These are the best lead pencils. My kids LOVE them! The pencil writes so smooth and erases with ease. The smooth grips are great for smaller hands to hold the pencil. I love that extra lead and erasers come with the pack. Can always use extra erasers!! I got to try this product for free thanks to BIC!!
","Reviewed in the United States on July 27, 2016",Awesome lead pencils
5.0 out of 5 stars,"
  I was lucky and received these pencils free from #BIC through #BuzzAgent and got to try them out!  I prefer writing with pencils in certain situations and have come to only use mechanical pencils.  These Bic Velocity Mechanical pencils did not disappoint.  The lead writes smoothly, it erases well, and the bright colors are fun to have lying around my desk.  Love that they come with refillable lead.  Will definitely purchase these again.
","Reviewed in the United States on June 30, 2011",Love the Bic Velocity Mechanical Pencil
5.0 out of 5 stars,"
  I just received my bzz kit containing my pencils and my kids are already fighting over which ones they get to keep!  I told them  I liked them so much i'm not sure I am going to share!
","Reviewed in the United States on July 25, 2016",I told them I liked them so much i'm not sure I am going ...
5.0 out of 5 stars,"
  Great product! I got this product as part of a promotion. Vibrant colors, replaceable lead, And even erasers!","Reviewed in the United States on July 25, 2016",Another great Bic product!
5.0 out of 5 stars,"Leaves little mess behind and lead is strong!
","Reviewed in the United States on July 28, 2016",This is what I was looking for. Thanks.
5.0 out of 5 stars,"
  It is very perfect.
","Reviewed in the United States on July 25, 2016",Yay
